{"cameraMode":{"drawMode":0,"name":"Shaded","section":"Shading Mode"},"sceneLighting":false,"audioPlay":false,"sceneViewState":{"showFog":false,"showMaterialUpdate":false,"showSkybox":false,"showFlares":false,"showImageEffects":false,"showParticleSystems":false},"in2DMode":false,"pivot":{"x":9.462890625,"y":0.45270752906799319,"z":10.794286727905274},"rotation":{"x":0.28941622376441958,"y":0.2585229277610779,"z":-0.08150232583284378,"w":0.9180208444595337},"size":5.828899383544922,"orthographic":true}