{"cameraMode":{"drawMode":0,"name":"Shaded","section":"Shading Mode"},"sceneLighting":false,"audioPlay":false,"sceneViewState":{"showFog":true,"showMaterialUpdate":true,"showSkybox":false,"showFlares":true,"showImageEffects":true,"showParticleSystems":true},"in2DMode":false,"pivot":{"x":580.0693969726563,"y":1.5716562271118165,"z":-6.900000095367432},"rotation":{"x":-0.3974284827709198,"y":0.06515539437532425,"z":-0.02830369397997856,"w":-0.9148804545402527},"size":14.265264511108399,"orthographic":true}