{"cameraMode":{"drawMode":0,"name":"Shaded","section":"Shading Mode"},"sceneLighting":false,"audioPlay":false,"sceneViewState":{"showFog":false,"showMaterialUpdate":false,"showSkybox":false,"showFlares":false,"showImageEffects":false,"showParticleSystems":false},"in2DMode":false,"pivot":{"x":-18.0,"y":2.1404271125793459,"z":-6.996395111083984},"rotation":{"x":0.11808968335390091,"y":-0.6577223539352417,"z":0.10546813905239105,"w":0.7364335656166077},"size":18.008174896240236,"orthographic":true}