{"cameraMode":{"drawMode":0,"name":"Shaded","section":"Shading Mode"},"sceneLighting":false,"audioPlay":false,"sceneViewState":{"showFog":true,"showMaterialUpdate":true,"showSkybox":false,"showFlares":true,"showImageEffects":true,"showParticleSystems":true},"in2DMode":false,"pivot":{"x":0.0,"y":1.5490000247955323,"z":1.406999945640564},"rotation":{"x":-0.21741515398025514,"y":-0.5060569643974304,"z":0.1335381120443344,"w":-0.8239108324050903},"size":1.4289418458938599,"orthographic":true}