{"cameraMode":{"drawMode":0,"name":"Shaded","section":"Shading Mode"},"sceneLighting":true,"audioPlay":false,"sceneViewState":{"showFog":false,"showMaterialUpdate":false,"showSkybox":false,"showFlares":false,"showImageEffects":false,"showParticleSystems":false},"in2DMode":false,"pivot":{"x":-12.691886901855469,"y":3.5299999713897707,"z":21.381999969482423},"rotation":{"x":0.16902939975261689,"y":0.8308842778205872,"z":-0.36746349930763247,"w":0.3821752965450287},"size":15.545698165893555,"orthographic":true}