{"cameraMode":{"drawMode":0,"name":"Shaded","section":"Shading Mode"},"sceneLighting":false,"audioPlay":false,"sceneViewState":{"showFog":true,"showMaterialUpdate":true,"showSkybox":false,"showFlares":true,"showImageEffects":true,"showParticleSystems":true},"in2DMode":false,"pivot":{"x":9.960000038146973,"y":1.4700000286102296,"z":-19.579999923706056},"rotation":{"x":0.009455918334424496,"y":0.9905038475990295,"z":-0.09238336235284805,"w":0.10138324648141861},"size":4.48241662979126,"orthographic":false}