{"cameraMode":{"drawMode":0,"name":"Shaded","section":"Shading Mode"},"sceneLighting":false,"audioPlay":false,"sceneViewState":{"showFog":true,"showMaterialUpdate":true,"showSkybox":false,"showFlares":true,"showImageEffects":true,"showParticleSystems":true},"in2DMode":false,"pivot":{"x":160.20164489746095,"y":6.586792945861816,"z":4.284776210784912},"rotation":{"x":0.456574410200119,"y":0.0933694913983345,"z":-0.04825456812977791,"w":0.8834591507911682},"size":18.924915313720704,"orthographic":true}