{"cameraMode":{"drawMode":0,"name":"Shaded","section":"Shading Mode"},"sceneLighting":false,"audioPlay":false,"sceneViewState":{"showFog":false,"showMaterialUpdate":false,"showSkybox":false,"showFlares":false,"showImageEffects":false,"showParticleSystems":false},"in2DMode":false,"pivot":{"x":0.0,"y":1.4600000381469727,"z":2.3299999237060549},"rotation":{"x":-0.32256585359573367,"y":0.34535089135169985,"z":-0.12775230407714845,"w":-0.8719874024391174},"size":1.4289418458938599,"orthographic":true}