{"cameraMode":{"drawMode":0,"name":"Shaded","section":"Shading Mode"},"sceneLighting":false,"audioPlay":false,"sceneViewState":{"showFog":false,"showMaterialUpdate":false,"showSkybox":false,"showFlares":false,"showImageEffects":false,"showParticleSystems":false},"in2DMode":false,"pivot":{"x":7.895709037780762,"y":-2.500000476837158,"z":12.402467727661133},"rotation":{"x":0.07371138781309128,"y":-0.8521184921264648,"z":0.12521404027938844,"w":0.5028565526008606},"size":11.696396827697754,"orthographic":true}