{"cameraMode":{"drawMode":0,"name":"Shaded","section":"Shading Mode"},"sceneLighting":false,"audioPlay":false,"sceneViewState":{"showFog":false,"showMaterialUpdate":false,"showSkybox":false,"showFlares":false,"showImageEffects":false,"showParticleSystems":false},"in2DMode":false,"pivot":{"x":-0.8820000290870667,"y":1.3530000448226929,"z":-2.4800000190734865},"rotation":{"x":0.49052104353904726,"y":-0.02927255630493164,"z":0.016486482694745065,"w":0.8707948327064514},"size":1.1634202003479005,"orthographic":true}