{"cameraMode":{"drawMode":0,"name":"Shaded","section":"Shading Mode"},"sceneLighting":false,"audioPlay":false,"sceneViewState":{"showFog":true,"showMaterialUpdate":false,"showSkybox":false,"showFlares":true,"showImageEffects":true,"showParticleSystems":true},"in2DMode":false,"pivot":{"x":9.5,"y":0.8903310298919678,"z":10.598102569580079},"rotation":{"x":0.2334863245487213,"y":0.14808997511863709,"z":-0.03600539639592171,"w":0.960345447063446},"size":13.20500659942627,"orthographic":true}