{"cameraMode":{"drawMode":0,"name":"Shaded","section":"Shading Mode"},"sceneLighting":false,"audioPlay":false,"sceneViewState":{"showFog":true,"showMaterialUpdate":false,"showSkybox":false,"showFlares":true,"showImageEffects":true,"showParticleSystems":true},"in2DMode":false,"pivot":{"x":0.0,"y":1.5490000247955323,"z":1.406999945640564},"rotation":{"x":0.2334863245487213,"y":0.14808997511863709,"z":-0.03600539639592171,"w":0.960345447063446},"size":1.4289418458938599,"orthographic":true}