{"cameraMode":{"drawMode":0,"name":"Shaded","section":"Shading Mode"},"sceneLighting":false,"audioPlay":false,"sceneViewState":{"showFog":true,"showMaterialUpdate":false,"showSkybox":false,"showFlares":true,"showImageEffects":true,"showParticleSystems":true},"in2DMode":false,"pivot":{"x":-0.0000152587890625,"y":1.442620038986206,"z":0.0},"rotation":{"x":0.2334863245487213,"y":0.14808997511863709,"z":-0.03600539639592171,"w":0.960345447063446},"size":5.0412092208862309,"orthographic":true}