{"cameraMode":{"drawMode":0,"name":"Shaded","section":"Shading Mode"},"sceneLighting":true,"audioPlay":false,"sceneViewState":{"showFog":true,"showMaterialUpdate":false,"showSkybox":false,"showFlares":true,"showImageEffects":true,"showParticleSystems":true},"in2DMode":false,"pivot":{"x":160.20164489746095,"y":6.586792945861816,"z":4.284776210784912},"rotation":{"x":0.2334863245487213,"y":0.14808997511863709,"z":-0.03600539639592171,"w":0.960345447063446},"size":18.924915313720704,"orthographic":true}