{"cameraMode":{"drawMode":0,"name":"Shaded","section":"Shading Mode"},"sceneLighting":true,"audioPlay":false,"sceneViewState":{"showFog":true,"showMaterialUpdate":false,"showSkybox":true,"showFlares":true,"showImageEffects":true,"showParticleSystems":true},"in2DMode":false,"pivot":{"x":-11.890000343322754,"y":4.5,"z":18.709999084472658},"rotation":{"x":0.21825139224529267,"y":0.6572659611701965,"z":-0.20764560997486115,"w":0.6908383369445801},"size":5.907829284667969,"orthographic":true}