{"cameraMode":{"drawMode":0,"name":"Shaded","section":"Shading Mode"},"sceneLighting":false,"audioPlay":false,"sceneViewState":{"showFog":true,"showMaterialUpdate":false,"showSkybox":false,"showFlares":true,"showImageEffects":true,"showParticleSystems":true},"in2DMode":false,"pivot":{"x":7.895709037780762,"y":-2.500000476837158,"z":12.402467727661133},"rotation":{"x":0.21825139224529267,"y":0.6572659611701965,"z":-0.20764560997486115,"w":0.6908383369445801},"size":11.696396827697754,"orthographic":true}