{"cameraMode":{"drawMode":0,"name":"Shaded","section":"Shading Mode"},"sceneLighting":false,"audioPlay":false,"sceneViewState":{"showFog":true,"showMaterialUpdate":false,"showSkybox":false,"showFlares":true,"showImageEffects":true,"showParticleSystems":true},"in2DMode":false,"pivot":{"x":-18.0,"y":2.1404271125793459,"z":-6.996395111083984},"rotation":{"x":0.2334863245487213,"y":0.14808997511863709,"z":-0.03600539639592171,"w":0.960345447063446},"size":18.008174896240236,"orthographic":true}