{"cameraMode":{"drawMode":0,"name":"Shaded","section":"Shading Mode"},"sceneLighting":false,"audioPlay":false,"sceneViewState":{"showFog":true,"showMaterialUpdate":false,"showSkybox":false,"showFlares":true,"showImageEffects":true,"showParticleSystems":true},"in2DMode":false,"pivot":{"x":2.499995708465576,"y":-1.2029460668563843,"z":-2.5},"rotation":{"x":0.21825139224529267,"y":0.6572659611701965,"z":-0.20764560997486115,"w":0.6908383369445801},"size":11.716479301452637,"orthographic":true}